tv,lnl,social,display,email,search,sales
1908.7182280940597,1566.7732575307252,2093.15428406459,1517.2019392432437,1296.433701394593,686.6556000062174,6806.7104679453405
4348.16450097176,2239.93831929537,1865.6320044189385,1839.3147603340299,1255.8277674591186,424.8398001335113,7426.731284176052
2117.104353817642,761.3046876469258,1087.7998852860103,1936.0804747080747,1236.93646402386,338.7968402840176,6763.55094493714
3571.5276402348304,2081.0195885497697,1331.4995596403119,927.0869652845091,606.4946462614773,503.801218335454,6389.489759449595
3776.602294039324,749.6416279336966,1891.0832774837818,985.7943351172638,497.2234416829706,841.156620978363,6934.008327186582
3050.619012580212,2088.421325098811,1418.3709308158557,1933.6835105396956,1168.8437113361242,513.6748615236581,6892.831745523091
2221.242706786925,1051.535136502714,1099.9580573193575,1683.842274001751,805.1819351737864,800.6157193688446,6647.193201165306
1850.5775054843843,2254.181162036378,2687.2993281036474,1859.5925897957277,875.5808490436821,300.38903743932053,6925.625191390922
1132.7574182497049,2388.0841876507957,2962.385058328232,1043.1591609624118,434.2640020727302,818.2171357320633,6317.934371683412
2215.7856049628954,797.5919388102313,2586.285747993479,1505.1030453312824,685.5340942025541,389.5466599253189,6597.498196648603
3612.651162125132,1425.351210130787,2707.5698434093338,1641.3675133009683,437.0440442619104,741.9145039110982,7224.533739470118
4753.219273793931,2461.9747563253704,1483.9542606340908,1616.1342625363673,1367.1043498613724,652.625243872797,7340.888669118801
4484.817929052208,1466.8148719462934,2921.2539510263996,1289.7820290400377,667.7363515403836,943.3157737693499,7688.371188976684
4064.2591061412104,2227.09504502909,1393.8514089068567,818.4738700295702,1013.0708865303088,509.85801438025123,6943.126227710664
4153.789373013195,1677.4630442626396,2902.8596207236646,1499.5112681651158,442.87725272724344,252.93215106755235,6795.786864454615
3659.939613903981,1250.6598158392037,2989.6385879319023,1103.7218470155306,1133.5321304362237,215.32438844100233,7150.97090138859
2041.147430264012,1071.5671110517405,2423.4456114920977,1340.3050953714683,755.3300803295033,861.4868487782024,6477.427413531528
4628.780122823319,906.4461821721745,2962.287463583644,1949.0972181005807,1387.7111056534322,619.7885101291457,7457.568496966219
3682.9292476233363,2023.5963827553944,2139.0795591342076,1278.8423811709217,1376.9300078274396,820.1952414679594,6994.658798220739
3241.7625239217596,1273.081013646056,1519.0835663521807,1807.7619279973121,757.8196801979225,387.54048000921176,6966.248697525798
1443.9578768539243,1522.5509244015025,1873.9917713312416,1026.2487268991013,1391.0569852595147,476.06699641058697,6662.6688583469095
2788.222175225702,1484.6509600023637,2187.1218707575717,1606.9525976300347,1495.7734408486567,224.08309776905514,7059.272944804052
2841.433084807705,1654.5580584662625,1146.16312405403,1972.4083453267322,1307.9572305363429,969.1938596592897,6829.304832411346
4458.25443809068,2231.1542912491045,2244.686529234492,922.2717210475241,1329.3584825307519,734.2943253606508,7492.553326048257
3186.592880751154,2461.478687166859,2962.3556735245893,809.9839306726304,673.9096097199989,946.564070207445,6977.943702391711
2521.6021958816386,1315.168417147634,1380.2152995674553,1320.2993511591371,1034.372638743532,412.39712594325783,6485.832511898376
4907.201314042637,2155.037844212606,2585.190232576767,911.1505796616407,473.98150536410463,689.1708889805286,7233.879758910256
1442.8823733052627,2029.0555893094354,2815.7975875592388,1698.0612196114776,504.40973050383667,742.7999746341103,6321.568009560409
2690.1937132477788,1647.0579029111466,2887.4031856404417,1897.4583966182706,1498.7818732366197,454.03976020607075,7133.492761096758
1168.0987006856212,2412.094287223866,2920.2712088108947,1320.8251672505107,759.303174368502,878.4873880125041,6618.649771082237
3959.616483067721,900.9490310568056,2042.919277442944,1110.453970586529,1223.002303253731,957.7291703201983,7179.028273125479
4672.306208796603,718.5284206192429,2954.6158159830075,1321.2839828079318,1287.331558329498,907.8840941568035,7559.557200144161
2120.1493182019576,2207.9239339108444,2514.6204142688775,1668.1373814200012,1343.8255981079521,791.253580751498,6757.949406016893
4433.366707196484,1378.2996332674966,1323.3428724739238,810.8649938964452,1497.3911271423722,421.9717437799632,7254.76489857756
2168.872921847591,2193.9377084141206,1953.80021293594,1507.3447873816367,665.6461337825547,425.29283368450535,6406.904820854097
4643.080646575661,2286.18041039083,2436.662350744008,1535.950021864855,444.3859095456697,970.6882563568304,7697.485484943484
4015.8476143871358,624.9151872381428,1494.6806316381667,1565.2258962751225,852.3106697940445,208.22759674855362,6874.468600433079
4219.6271073657545,2266.929525972121,2281.2303670977744,1090.4264959770526,543.0887368118416,772.8399785937156,7116.347566832691
1072.026222401818,1396.6381107388443,2333.2009580932386,1656.863268053752,424.66847807826065,764.9969300442098,6119.138707482598
4851.241428296104,1520.8649780084643,1325.3994876171319,909.6697835981317,796.4695098556347,698.151632759838,7112.918181189416
3906.683968281293,1753.1850221864204,2130.1706249055123,1039.124403760161,1262.1120761827601,992.0870768694926,7429.067678324811
2219.0043815445333,2352.7652134601735,2543.253821957215,1852.9640559853783,1022.798760347578,449.50354861098015,7056.727140126182
4317.578659435388,538.232188859528,1997.7913290718839,1686.4677808718798,744.0557881313895,471.97749103459853,7497.8509580347145
2126.0847936597197,1453.686936635634,1024.2062335522148,816.4946648136143,1119.7762060419918,263.15152235724446,6418.184790172355
4491.015358264512,1875.4440848611214,1018.0769381585843,1098.0515124437602,655.2199983396918,554.23850923499,6852.177962433445
1450.321561647748,1945.413915396457,1714.0586879400244,1057.2877795917975,415.8195906792935,408.8388209878785,6176.599822585271
3814.743909843183,1885.064863074216,2852.388136863564,1124.967593644367,1240.78872508007,474.7093617421154,7167.9453610032
3162.7939065796413,768.8702588162437,1457.3535592072176,1097.0717243358636,1086.11739335041,867.6574322045021,7068.818660870934
1386.1378807817632,1098.7911767433625,2268.7273777433743,875.0315548914149,1238.5328869510558,948.3876108219965,6184.545252182821
1967.575313035356,1217.4310508340268,1444.151741386641,1350.7286199161845,442.83181835643217,348.5864576041485,6557.679606100384
1049.6161451092592,2108.87441535901,1643.3399793190972,1679.2801697433981,1320.8315906137173,498.0071452427727,6595.332829738486
2875.071861858023,1057.519744829106,2696.084179202968,1528.0780696609236,1081.4788200399337,942.9044496923152,7459.070207373125
2205.0610430400016,921.4099277344063,2457.722884539894,1607.4460023176957,1019.7348857839041,249.4467685513781,6696.962477982947
3393.429937191035,2414.8960380761923,1190.7985546264213,897.379014243487,1087.0754529259848,273.8884224891028,6934.192839651116
2188.951230834469,517.7265702269378,1857.4040419728672,1941.7888522121445,1350.8765715552004,330.2327913649835,7231.484851386845
2199.6764460279387,2495.6417113639563,1058.3395272905288,1806.1902006116297,1045.6301572147977,676.1702673014997,6548.833689913224
3972.7727949264136,1853.6425977147912,1961.780293206018,1766.1083821947952,1039.0454178769974,320.377816804798,6999.283667409122
1192.5713439134138,2156.938598898234,2324.8680234021363,1787.580566050121,1489.7470727723423,974.4611051605868,6322.39324396225
4611.579980767949,1089.2387926923864,1237.0052471963031,1919.2526097593136,1232.4031837754248,557.3716218068163,7548.2901812633545
4409.0554975647265,528.63055533412,1577.7698778183312,1453.1047593364374,886.5231859962488,601.2143682801332,6844.4482155496335
3671.218732905626,1975.7390371230601,1795.673251004314,1040.338421441151,1178.1367000362206,397.3268926443252,6961.361210971273
3372.8862804295372,2168.2891940013515,2839.0620493120996,1540.1403294230495,828.1535188609673,576.7682019477868,7342.490321478828
4569.209992558609,1980.9522639070383,2986.5100308459278,1691.4577924015268,651.7630087318489,729.5309061096092,7697.729714519224
1741.3207181148578,785.7005746016772,1089.8225979912318,1685.5008720248306,1056.5370645765354,800.9417095632342,6524.684685248632
1315.8766487633145,2006.855844513938,2522.0158469907838,1425.7388290002561,1421.0003079253465,803.0944661679304,6693.861127468678
1958.0406796381524,2037.845564215282,1743.4481328046863,882.1504632002936,1422.053472017009,662.3128901552707,6793.844196943977
4178.3131148007615,1817.0810313401098,1784.91637245896,1245.3355261161535,776.0958059160394,923.4878199950858,7030.96501876722
1138.6810669059332,2032.2318655911724,2508.529946694045,1904.9199301560288,980.4452128438645,853.9262778448875,6518.212267248516
3331.2273403339586,2191.842879355464,2836.8528642908173,1501.3386917089113,632.7994884268473,805.6384917589004,7072.617475239104
4981.75006476524,1727.208228474917,2901.857189005097,1445.998331906856,1495.1942204487718,244.4844173443685,7937.522388805324
4422.7843753501575,677.2094279393582,2154.2451720766417,1122.6242172586321,1479.2296986547294,205.50236977571944,7494.715282186797
3085.782756174358,1475.2556193344217,1714.2423186010055,1242.1387038998946,1114.459822678192,369.9578217563784,6947.290566955272
1254.5636371465694,655.2986693432101,2575.098171717558,1874.415306983803,1284.8554656452206,730.8188751307619,6895.266426438438
4325.494057542839,1315.0860620648618,1502.0027665246005,1599.7556570322029,1186.61017741207,528.9579911060366,7059.021140176203
3395.914032708842,1314.2129782512552,2128.1480576670356,1744.8644321027996,1052.474040943415,521.9250074394494,7489.839007480007
1459.7319882382674,632.0196882804831,1717.1569230497462,1345.2145076811862,458.68279668778746,907.669510583691,6613.47268731974
1375.4291392934247,1197.6410679389587,2313.262147415752,1556.2966633473895,900.2407768079272,916.450278505471,6698.042934325859
4638.50727774637,721.9961975826296,1480.7978257870138,1098.060330491849,1142.2649323841515,927.3402112428686,7618.760183719529
3676.801051752314,2116.470420018444,1383.1858914696516,1646.5529963401837,1145.2847752720531,451.1024612120218,6782.717584782047
4317.147197267022,2395.3760519289417,2836.4781733508744,1313.1216004440048,810.4348802646219,752.8446501914094,7402.449066364033
4515.915601129069,644.6329505158772,1203.6073658990738,1331.0546177776946,1435.8611853238335,417.30654501949573,7070.5405956528875
3287.089408193289,2410.2304145834028,2011.9158154698634,1579.186789492258,584.0927354604592,352.4878664595598,7170.976765370688
3069.785407020165,1545.1531986734904,1441.7055659260177,1923.536745762712,950.3953908371167,347.7059658778954,6734.720338958533
2721.709641283961,1099.1313559077478,1077.859926651335,876.8076159303452,1159.972374205905,473.6860966908752,6679.106845160899
2267.7863511644773,653.724150552327,1072.0376365828529,1789.6918848164091,1166.8493864809902,543.9660958238574,6878.383857751511
2738.383843434847,1501.2485361408358,1350.4435442116546,1150.8597324946318,1113.502852445697,864.7593368440547,6846.9231633715435
4095.5186229206256,2089.0310889814973,2733.5407090120007,1332.7033454076534,702.8170347970462,295.9128747781697,7404.75516690925
3407.693724060526,1914.1729545333963,1564.9574879540532,826.2959945300107,571.8272255552841,787.9406779159153,6604.575744612874
4570.093159819384,600.4520229279475,2900.9183411505915,1161.2552934011755,1099.5343595093818,625.1639313514443,7329.624394509103
2773.520057516751,645.803670735807,2163.244585978387,1403.1574911561565,1059.2323277533815,430.35627414079397,7099.628748412952
3428.3583148750163,1305.746565265274,1873.2283795375322,867.4112928169268,597.2916113181651,594.2556676262597,6990.182431078923
3525.2302123679547,1090.5809880958866,2160.1776693389093,1389.314875259798,1175.6530601276197,439.9536558216181,7104.001786523708
3366.788649225302,964.7686461120957,2033.3967704525355,1912.5327546301128,900.6891909070221,676.8655641906448,7062.295595723171
3810.535092342065,1062.0089978174271,2517.5525075146506,926.4718617293663,1134.536650763468,547.0751382841954,6751.115881349428
1949.733873499225,2106.965486593769,1564.9921319457044,1717.3288736906052,1321.1037877471658,331.524423263103,6449.746607942746
3049.4551101831626,2358.456107263708,1706.1007832006048,1291.6052640511912,586.7012714346155,293.26645964455736,7196.496465178645
1416.8992112333908,1310.2053890551329,2788.1886050665016,1586.2084574292057,421.0593547965203,637.3565456577041,6315.573311778131
2538.0453105792503,2312.222004264994,2892.913026300811,1112.2839175822753,1257.0128450353654,921.9304266288827,7052.319211705163
2950.6682744850577,1142.9914024957639,2785.116454972949,991.39071504963,1070.6671676678775,475.16614924614845,7156.82650694114
3608.89703818189,1452.8739726875833,1838.8959879146273,992.5551371254717,1169.6035265843338,786.4000857780985,6774.32679591824
4802.124210344814,952.0579956319995,2560.7310060137634,884.5903347717735,1321.9704724875069,726.9290839518136,7529.464522005264
3402.6042661934234,1780.952084351688,1952.6714666021976,1022.7760458814917,1283.0920283069504,945.2439314475848,7230.6284937593555
3974.375664706239,2457.962230349618,1995.0797042922045,1597.063261986762,1457.012161621707,856.7848138393127,7420.222737293121
3025.064237980811,1706.9861920867572,1409.360218114568,1858.0287342122097,989.52858673733,653.2842071243704,7526.686128030937
3536.4161255053255,1215.6281682270978,2182.260606517033,1776.9508227093943,937.345195925896,725.6243985872859,6881.840440515682
1283.7288645350936,1795.6348919810569,1372.271795506696,1622.161171849381,842.0759198798031,918.7091732672279,6584.823067308734
2017.566323367388,745.8413569307752,1663.1293981343874,932.5182360933231,569.060147128625,519.6150276695478,6311.077580863921
2447.412372820555,2277.3181605307973,2710.0604032398705,1147.0249355551398,1029.8679561702247,461.4357646862219,7031.865735270956
2889.9734200260546,1506.1679015596728,1414.1516184217105,1171.7682503869628,704.7137767585766,208.64886690815706,6732.906190911334
1182.594982009535,1398.699484079284,1142.3165703468655,1099.9483356771455,1413.438263434273,861.2408593531713,6079.672452823943
1560.0963902132708,1671.7295769070383,1138.0151852256326,1418.0067916516678,1041.5098847048073,840.784560322692,6419.824348097233
2107.257231165223,1749.5677255788048,2881.569041006216,1442.6645778556071,1052.1241985589213,283.5636144801211,6471.230209245844
4886.130763604202,643.5516124530261,2013.8408759236693,1228.2631702053322,790.4171269647111,661.4859049061602,7513.211437089581
2325.3880284122033,1865.234442446805,1818.8241436340368,1224.5469904837232,457.18828717547825,571.1853585335099,6646.108179121518
2928.16423244833,983.8633606310591,2621.757162015837,1794.2667174872977,434.9181419102875,294.9672764072892,7123.0270321969365
1784.3908509535718,1927.9052650131796,2671.651855821032,1747.1514179836227,865.6686585685172,984.4545816485788,7042.750166164407
3443.120284303073,2145.0695887683933,1664.3820662312091,1169.3549980168948,493.0219159069616,371.75670997068437,6950.057653904862
2122.7328620638973,2107.9170151050403,2387.2361149475905,1896.5461326479112,1067.531651094153,253.78734407244892,6908.9258315569405
1827.9703137537072,1605.0019348157782,2542.245631703773,1943.3780204030072,1369.0703062036232,675.8779036015277,6719.669491266845
3066.290513783916,1540.3397846215023,2309.301373731909,1192.091050436049,1371.2062981705944,791.0933417064261,6899.133306888065
1022.0231966416833,785.7519226788235,1303.1901496001988,1225.3099385516657,1124.9499511454555,225.95475683774958,6341.544962075462
1030.6561305969012,2050.6923008062713,2751.766167034114,1406.7609841063506,632.3550146202241,726.9741109816177,6768.592678085186
1876.275236407431,1042.8187608934286,2078.189105472017,1929.3449750404081,1349.2965144947593,625.8335007611636,6730.353313809324
1146.8854500032846,1493.3908456358931,1564.9448527400073,1851.5833197707739,1374.702778844529,282.61200710003874,6438.287144760813
1432.1030165227655,1068.5481858550334,1850.4563708753878,923.0815551003077,616.3189434482546,338.01910155708964,6029.24685387393
2355.4425973550065,767.6567259993863,1075.1421807978147,1271.2768919256996,1211.168694347745,654.3794378528644,6759.527891638397
4210.342718319252,1759.115393783473,1255.733602444835,1464.0454276997261,715.1715038198353,437.0860908106307,7252.284361991243
3288.1945734772034,608.6640696458077,2531.0935010317216,1403.7589670618481,1282.9043435882227,950.6525829210528,7549.794414620346
3050.670903825666,1997.2904682524,1000.0232695107322,1032.6356815242711,1496.961689893963,854.9921835872407,6607.608225250405
2173.9552928324865,1135.1735905222333,1833.1316569645844,1830.5801254017856,433.0286058623321,986.8537652109304,6621.2547177160195
4727.014877731266,500.2693860089706,2045.0203621711769,1612.3289395962047,1387.1024523700253,407.7366711603312,7550.332459429766
2588.0601649487667,1522.2582784744595,1109.2688400019447,1805.4900498221643,1084.8935869585239,975.7789062383816,6915.367080077054
1348.3710671830859,593.7038170552063,2946.1563259446657,1830.5171352193665,1470.7208810813033,544.9870958332463,6713.030374237455
3468.266064471205,1052.3391156417988,1452.250662499344,1698.0270243988878,911.5104692790703,478.0150362510037,6817.9895196492635
1455.3535739064057,1913.9529749114324,1608.3974392725618,1327.052721499661,1332.1267236285112,240.2796215754826,6585.874865633459
2380.8925712067685,625.3792432437317,1607.8850245100548,1532.6561060185095,468.63347545810495,242.21220628768208,6689.021079387457
3029.6477548712355,2178.676984712005,1460.8333242346998,992.4384873436918,768.8069550861253,753.6090047573238,6565.53158600574
4496.890098740703,507.6398453171662,1002.9476441726229,1608.3745009698891,473.718191526331,566.3431955472223,7375.912784469838
2974.1863213604747,993.6477384038045,2458.689588175993,1015.1039068871369,1472.8774468269776,381.21730082888456,7180.5452666315705
3809.035064126657,1981.808112304143,2933.6909995985707,1632.7395086121883,1298.6712979990202,691.1762450601861,7527.5016205813945
4971.267355996281,1132.5402994586136,1448.5869665700902,1075.5177929047625,1337.8021633705675,402.28649460008893,7363.422609752825
1525.9564795919264,703.784776132027,2326.0943836068445,941.061560180264,1431.7617545772837,662.1054034755381,6585.246807207943
2098.9261020780777,1220.4678376008558,2483.7926539174305,998.3413881715489,493.61383473176386,487.36699758615225,6387.483261246968
2578.3043023905857,1040.786572769051,2696.8507581810495,802.3905622628844,824.1573517646667,858.8417812894552,6781.012488284021
2687.3127141553255,2185.42380432111,1845.2583940272184,1662.4875414242363,478.1383779484023,856.5569286134235,6427.038309255924
2644.084301062183,1126.6958351702863,1605.8618112808585,1678.8812588700548,631.8724117050315,581.880318497921,6918.712781756987
4630.44401022622,2077.8649435520147,1650.5902680460622,1417.9200198959113,652.3023547414396,480.6552874680125,7011.236746298303
3856.130577867426,2283.7442896214698,2425.2426661970258,993.6353612664604,916.0179321523366,490.04783724727565,7491.575200630699
3431.620856362815,1367.6348391530591,2633.558933011272,900.2652050128277,695.4183841990068,844.5716205345743,6972.391987611976
2237.4908714511284,2319.886287708784,1363.2279355132052,822.9547597247445,511.0759174995372,462.5435862380896,6346.208202717108
4295.161536885179,1254.6361079263856,1741.8820163155306,998.8978123582649,584.2401980035185,367.2474989654768,6948.19512119472
4820.242045939956,2428.1568329802167,2803.8803934983,1869.026641979776,562.0031199073001,267.75067350024545,7648.980955177306
4284.793130200906,678.5790490511458,2613.3870393894786,1089.8442100420182,1470.384477703528,573.3544967075268,7676.104742257117
1006.2604207658916,1874.0385330064855,2969.7168055249517,1225.1255926606589,1235.221757610321,585.7056791358734,6042.096912398365
3545.605480733628,1487.6280809138575,2508.4965193641615,926.4145813775998,1464.5376117965181,872.7269683223258,7433.712413302362
1204.5415257684028,1275.2976109112942,1786.3904020558446,1066.8335656978043,883.7145351586994,376.9909571568512,6286.9747823215375
2030.4288813348874,1765.423757497202,2181.2756679892755,1423.0694849362462,706.2053298289222,504.79301893471995,6404.428128903612
1238.0988013910867,1907.7141832686623,2322.028508494641,1529.3032197147832,1278.1225169301053,846.7245911149528,6374.875214249546
3415.181811797551,508.7265393006182,1156.9116326342478,1094.4227769994532,758.8793098452614,858.8988885991788,7089.9792820593575
3746.359653970427,833.9061774943974,2088.99391820773,869.2785910701407,729.3217110758831,507.68886078301455,6771.787403226067
1457.9505522636205,1926.0921012686374,2418.6416569452194,1269.2394429528783,655.7565914286143,567.2992186293448,6259.151271327816
2535.3555321799176,1832.770827156413,1334.6426080021208,1081.044045111601,542.6468760466589,442.62871267942637,6742.557545038007
2824.946035822168,2432.0950102573543,2561.263434851114,1063.4647078757623,682.1093671184426,946.0439027354496,7011.8387957971745
2476.2120870436665,2022.075580501566,2167.5455610282233,1951.8353632561464,790.8517233212765,294.91501259326424,6725.969502608097
1484.1000019407722,2401.545415462676,2904.4435713951893,1539.5605831108687,1141.3936289603034,946.999538401176,6840.320124677209
2675.791160749902,1905.0810030696139,1084.8445964137834,1468.254131806515,468.82132644139676,747.0931614682746,6421.905828997818
4004.7121912336725,1096.1044172788863,1530.652275110934,1298.9301242279862,631.5576336318773,625.257722149385,7264.505561257471
1284.030658133022,710.7298445017129,2203.107758599648,1314.733200116173,1289.9260043208442,226.1272486275967,6618.4263598994785
1320.7200563276137,2063.647726689871,1593.1198244118614,1449.0860046056969,561.6141159421478,580.4769534576067,6428.984921768046
2419.085167343937,1788.298442951832,2428.848328142484,1635.7157684433287,776.9096611747736,526.1984840021858,6951.327589915941
4766.9028464757,596.3720247865924,2518.010565043862,1642.5753154181953,1351.124814043954,328.975049580098,7961.939249083438
3674.2905868916564,1220.1009318019567,1205.031928132949,1006.0326892465395,570.4178422577869,725.1276828005256,6813.819490692184
3714.6798266902592,2413.5996309685725,2027.7089284135354,1400.1353024919524,491.0105191800089,976.9207258946286,6925.628366243505
2447.67996335146,1500.8022914204025,2017.7811111821118,1294.3497140409224,932.9917945880119,649.7510488516201,6831.306410962937
3374.6431648341536,1365.4582720394092,1738.561540431082,1844.6323595232611,732.66146240639,771.8026211551567,7493.825152403146
1040.5247361109734,1415.3992103185878,2865.849725139344,1557.7027054620517,1019.7492009322395,254.76036205281343,6321.00952045055
3544.3841856381687,917.7654480103274,2655.0126397464423,1439.0048796991782,1284.1853795318225,534.1335966535958,7173.705889222385
4653.147790304947,1237.4143417295904,2394.4187638192734,938.4735706147009,550.8633369680175,293.0867881315967,7366.544586574146
3450.2938733792766,1239.6265119743532,2428.653271469995,1526.7654671880937,1038.7689930097135,690.2366684292083,7178.549554696752
4494.79437386538,604.7100403749448,1923.4322876262381,940.6446868162801,956.0596364288504,950.7857265713237,7040.548245453674
3895.892221864375,2035.1352570358365,2841.989042193152,1204.6478906789025,558.4866646145196,729.4221859773108,7521.171000055463
1482.2336656147609,1333.008863807758,2389.1908545065708,971.4103577771982,1086.3983340818806,261.4424386515372,6885.123441601317
4609.813229143367,2144.3597736328466,2457.962123311633,1630.4883764292426,701.0044596468488,483.7329639880663,7582.126733344904
1265.7753774230996,2200.6960022397907,2723.3818075746904,1047.502536603383,936.6177503984137,640.5307035526812,6320.051483972534
3135.869890191055,923.9881093973161,1548.1431786843818,1270.2312478256313,490.49955670476805,522.5662049066018,6430.186269206147
1568.5484951738308,1814.7069643402572,2614.141807733406,1874.8097331425345,905.5424629349853,866.9152083801379,6826.948778123974
1046.8264429236162,1444.5636083259633,1390.481205912984,1045.1796600787643,737.1098148471024,851.7368037679913,6342.182890762788
2688.1370405105563,2260.31347584297,1690.6839044897756,1409.3660767505348,1304.6193323038897,689.4648160825772,6969.608016783821
2180.162830616625,931.4813583529083,1671.2209085396853,1303.1259933992264,462.6765996971051,498.7663561061642,6479.445954541787
2944.001975190412,1855.6264006200884,2957.050936778281,821.7488492548757,860.4680024101629,404.2690990105953,6824.472092162227
3308.799546938203,1715.504244505445,2713.0744474958537,1751.3097362873755,904.2745665445818,284.69945457050346,7004.535803772867
1174.9562892357894,1090.6029551436654,2402.3397231805193,882.8550875775197,1197.5066839290307,483.9181467892432,6503.166833591658
1492.0131804949824,773.2018073023453,2454.11352323078,1369.1060251723443,1031.7163325992321,530.5380137661756,6709.928830996473
3234.5695858017016,1803.2795209545532,2124.1455888051423,1472.81395392674,1133.9335709135992,740.6583400832588,6788.57737033817
2372.669412690633,1977.1949162646613,2894.181334217038,1554.1117479375043,1254.7542142169318,726.5278594380587,7356.858487160687
3916.6939501977918,1131.2546875266999,1992.517505764723,1626.3579551694506,1348.4232710240076,256.08651171300556,7379.350295384682
3609.1665943677585,1789.6652080446277,1761.0354197397892,1103.9268602272582,745.2630463947175,516.2074523449262,7243.751168940189
4382.417451959627,1290.2618152230066,1326.070673863182,811.9745319901392,991.8249759002932,345.42309377388955,6762.336600184619
3769.9713066769013,1926.4137665652354,2572.4113045221156,1668.1323948258944,1324.11888628312,325.45016425344454,7116.825458226954
2719.7243095605927,898.4305497881062,2468.887864151183,1442.7879192170944,1488.3962440615621,861.8417197897967,6994.963119626848
3691.8664895777297,2280.430005272349,1768.7100770482698,1803.3412438486985,1378.4712421481395,233.53217337300603,7356.839562547326
2101.524697021674,1074.8191929311595,1050.3868279184587,1785.6660354808332,808.6139888868145,535.346300721697,6874.791136197545
2225.253995112851,1235.571975512306,2677.9946554360213,1811.99140134546,614.6831689405154,334.5629246132146,6984.826129298464
4155.940639683173,616.1839041606995,1022.8359669081473,1382.1135919754483,938.3317911472476,903.4641725427792,7010.246909052437
2785.678065606329,723.0244246425527,2407.399559258102,1200.354075004239,1215.8055970196465,645.6324106200282,6695.083310598477
4193.52136207341,1531.7238054246563,2940.514219452114,1749.869843109644,941.8259778286274,385.1045091014784,7785.997365689363
4289.689494673114,1035.185353455943,1875.3226562964069,1341.5529356351058,931.4989496450354,601.9418297331011,7056.096821512712
4430.249350645136,2170.9604514843886,1469.9468099919054,1020.1306356841214,1322.0534631899807,785.1890877624927,7589.165487896383
4666.540943364829,529.3867773099076,2409.7420200867637,1825.9688234737691,797.544156973905,966.494407135547,7524.276366099078
2723.940882053185,1258.1880973438724,2634.2562840311703,1859.0718521268168,1345.7741422928102,376.3568033963352,7429.3291055282125
2275.4672732845556,1174.6910935381852,2092.8606321556945,1359.571707368204,847.4852810468959,908.9454177034761,6853.643381874703
3328.7949863764557,538.655261835202,2934.0705505122924,890.839672771745,761.0564162461733,947.4432913339922,7016.598980981926
2484.6896937505103,748.7367980010205,1103.3374433159222,1265.3913079003175,899.3889023196689,933.136435625653,6444.201768208758
3404.296667200932,1327.2853498372706,2009.5911966090562,1764.245191355124,1238.6916545423553,708.331485489528,7119.088126073825
3822.3434505752984,1485.7291688948933,2436.9078946451,1882.1288342554744,538.6022306503937,703.8565235477661,7415.742606537606
3753.6200739685473,1308.5794945097382,2725.2809422983582,1044.167290997115,616.0611374592191,522.5685065470582,7157.710328642134
2498.2115480804855,1561.8753568241877,1358.51122381558,880.3683344303258,1446.5893082294012,801.9183058430303,6497.7695058410245
1667.4408067950112,1690.263349811363,2600.006963527363,1852.8205437594063,593.0407901194931,625.0352146807455,6686.285296096868
2722.11735384883,519.8476422556713,2105.4141514370904,1267.2859267746503,1024.50004972416,741.9504569826356,6824.11735934923
1570.376576327635,1428.1903189070076,1793.1073639799265,1450.1131571210758,1037.2459133281318,542.7663230790363,6047.788951344056
4560.388140735233,2426.9984817751765,1263.430057158187,1961.6789744609107,938.5869082552692,785.1971712345113,7543.513497675675
2383.5098429514296,1538.0645602590973,2730.5915178178248,879.8776734970675,1109.2197734345004,859.5772140836392,6614.440345316392
1617.8389888932952,1855.0845349179065,1314.5464163594306,1577.9816089425146,652.8093983773803,317.1490052822529,6134.480438565083
1101.7910396230036,1123.7277158337665,1619.5757184181984,888.9265070898405,1007.9284945544231,866.3437724593824,5833.22525014165
3583.289545145937,2047.982756305525,1580.0910639248737,1250.5627141598004,809.3905807715869,632.2372254322459,6631.8987027693665
3547.6092698189727,2045.8429637522302,2742.8280683817084,1764.577454232136,1127.833985592108,875.7327272721794,7141.943776311256
2362.4166663251667,1542.592095308278,2345.405988417796,1320.1666793067611,555.3458977104644,545.0413650728117,6580.979301810967
1286.8475553906042,2452.0276465584275,2593.3627943827446,1996.6188246835404,1027.9651585234237,503.23238830642805,7121.652754107008
2638.515579580928,751.1004295253067,1500.935797584998,1470.8711419359227,603.7973909216561,932.0485860137779,6575.6131724121105
2244.8699802535743,533.895329779162,2249.748199213998,1185.3945831631443,706.50736942654,400.93541403872104,6628.0737142700755
3708.4825589400375,2040.316423514192,2143.4919662874972,1064.1335910857038,640.5807803559416,875.3698602289145,7173.012760264195
3423.1169978107614,2114.311074729765,2665.6607535765424,1220.6246411433942,601.1215578556988,587.2164580075232,7146.04188080315
2458.37491279016,740.4144582411525,2812.174120962521,1247.0399285114609,1308.2820467167337,611.2763540410078,6890.609253335888
1871.5702170199604,1031.1656659172122,1024.3135429547735,882.4564132687532,714.2783244269795,446.77462519158723,5951.2666187733485
4952.143864622367,535.1047267332578,2348.0398381175855,1243.4890393121277,1419.8361600508943,658.4337604952125,7861.882932887919
2816.0064847844596,1086.6172215611296,1103.671598239458,1357.0862236870698,1466.9191778797099,460.16895702096906,7086.632783194685
3753.0969431209483,2046.283747837343,2097.717330154712,1667.2853026865655,1028.386516930807,231.41553139332186,6905.475853885151
1562.2118703134431,1535.9210554251579,1575.2654580873564,1588.0753816659294,557.301234932299,417.5988842754848,6178.080906389362
2942.3587986375915,1196.1911863365763,1613.5531990442823,1650.5187862749851,812.0030677175394,205.10323472527256,6764.206250440467
1110.146879477862,1243.4785898126606,1705.9170069047132,810.0364182522285,1277.5054896830354,982.6838296454853,6035.897146712957
3021.8204716417995,502.7072514309363,2242.5848980992205,1061.2008794966432,804.1298015667776,972.597767855798,6964.57106126986
4856.069628470809,1099.6010551304717,1668.0999313375385,1594.0211460798278,495.71894013306763,516.124237977844,7224.242038421652
2536.826851943201,1792.917483275861,2465.398101180561,1380.7872418156967,1012.4634020210067,782.6966834717168,7352.120752648433
1155.9840502996462,2448.388887632714,1809.0547711477393,806.3761708020152,1329.6329366456382,476.64487872833996,6517.838803639979
1123.8231636773742,2194.121653967799,1136.7064006199173,1765.393570918187,1275.5190258578527,736.8745256687808,6423.072817227131
2551.947039787478,547.1899292910582,2567.5196849682143,1727.3714879484048,592.6354541433885,844.3440344367833,7117.017391610672
1640.0997458527763,2297.121209349679,1571.516649185412,1458.1029955922752,1140.0410758537134,957.4049957537926,6773.641808783366
1093.4083853127436,2066.3968265972517,1865.5337591985253,879.7559909315265,642.5546897792118,520.1698206797375,6059.99879441948
4024.8544558007075,2060.7522471419607,2370.8877664438032,1719.8180594391015,640.0282880073894,826.6383863648382,7230.050650175046
2834.092035527563,1415.991518007143,1664.912314297424,1500.4563052776366,1361.4789506357038,412.74276050569506,6890.248456977374
2156.979087890618,1296.0105859090056,1113.1713122934311,1738.351972589551,674.6358480142532,992.2658430349187,6741.8656976739285
4600.332732065923,1105.8314576663852,1747.8420940256271,1702.0963908750086,689.5720811698122,220.61567901148092,7363.793368834278
1464.5558408021025,631.3897179087315,2888.897165388607,1763.6024863494044,400.7187298374295,682.8230452008968,6302.607110358644
4823.675315821277,956.4707269873982,2283.4687945971164,1421.6096796855497,1357.7359375380693,727.6047853210617,7422.878290309211
2255.866869509411,993.2072699560492,2342.958297334414,968.389421832218,1271.8542945300483,750.4364456593031,6688.136655302125
4553.614689234725,1468.1541394204032,2264.5643072752796,1605.3889680556263,1090.0618285997457,296.3100630312712,7471.759376938323
3411.7715059178463,1994.888813193388,1397.9842779188737,1544.5685420623647,1225.2923403327263,950.8238267785043,7462.39955262011
4306.8294389659495,1447.6196567958932,1836.6677282045603,1690.7038246389047,567.2534241669409,344.94662324006623,6996.8244037994655
4936.052652841858,615.6888988943213,2501.8795967266365,1003.8572072608824,904.1559540463329,698.2027225918729,7569.501975691133
2153.6217512749827,2415.5796019764075,1202.7457951063184,1033.970239880347,786.3413260836589,378.14086329846793,6719.495131380719
4844.541941630372,2385.4486381882243,1555.7055521794246,1868.4914206631943,503.15417888271816,445.7731336170167,7925.239369278875
2557.9275796096817,2070.3790862968167,1552.6382169317071,1699.9733581424848,934.7435337364165,637.1668333824995,6729.4669398816295
2542.0476189476894,2482.655803128441,1864.0378551890121,1889.8741864403876,1412.813615376899,533.7547348516612,7095.606599824369
2361.5484170180225,1588.964665600526,2960.73748188437,1710.458385396705,444.0650309557639,328.180480781205,7021.054725272698
3165.630429390341,2425.536700506412,1135.005093367644,1516.5863671883621,720.6070048431733,336.74912193667865,6857.975883543845
1616.5801727139483,651.2100812335016,2037.40198876119,1584.9592844334484,628.2950298262738,534.5158305302398,6449.181572015563
3214.8459414320446,1231.3614965227425,1358.7293640244209,1866.953508728012,661.9613190322659,805.8263826204006,7031.578021259526
3166.819249640016,950.7625360135316,2941.353090819488,1494.5681054143288,1399.278007067313,918.3717174782308,6754.776201974145
4047.60725041948,891.6661682685401,1226.6070094549284,1558.869589194065,914.8759596577191,267.3021298075063,7194.279787670707
4334.599847750342,781.6058977853522,1807.2020047231827,987.7720592043207,912.9293542338007,514.4831260475208,7161.466961432303
2761.765401249696,1744.8272831319932,2475.7699696692125,1368.7054641393233,1236.6332067008107,280.1964509783013,6922.12099124748
2209.332997405975,2062.64371149461,2409.1088560548906,1659.6765343497186,569.9414244054184,213.2739845060783,7178.864040850262
2037.339589268378,1656.5967988407212,1845.4572737878646,1125.1312379796386,935.9918895100559,729.3749461151652,6422.755455254946
1778.4953468194876,793.9254191764194,1693.0483359054365,1042.7050166294418,872.9837355331657,681.9595535732702,6291.059114217411
1230.5903287960996,2122.247539866942,1795.224757105741,1176.5921698692987,1056.6017596013216,330.415291051909,6718.324923006986
2369.7919153388534,1771.909414327457,1528.5525263172785,1089.8007535914003,1499.5134735754825,387.0502664744513,6474.91352569313
2080.990768523133,1276.331412253991,1410.6658774135997,1057.895164443675,1246.3937834902517,218.9662029156147,6333.553398991069
4865.669543465629,1848.2605910721259,1966.07939511778,1309.8210114417043,837.6522733191699,867.957764555523,7455.823557244535
3230.8353050001756,1019.8099584856657,1537.0675121352147,1889.406216660241,1310.3083575014516,979.7524768388412,7262.674543751451
2389.10815612203,1190.384416988421,1574.9233297945002,1408.471576086462,587.7791996437281,308.36762943575263,6603.918372027341
3321.870403974784,2334.9716862639807,2313.512126949114,1025.5044569783877,433.51005493985616,385.1801710122385,6677.407701051803
1556.786805382782,1081.0090113428407,2937.074663399784,892.3660032570489,624.8932097107004,894.7276191575472,6408.3659564231175
2776.1749968088116,1439.976536315873,2207.27440111875,1635.3873741655102,774.4527117256856,941.1710383649479,6843.96717357647
3504.937285684255,2280.282274792029,1153.9589341299325,1259.3585173236654,961.6388332055159,535.7019062454483,6893.498522162544
2955.5913271698055,1915.4427005350549,1151.1672277081339,1786.197135902431,1076.6420545953197,240.4979778152593,6929.947100391719
2607.1152026172967,624.4064523294055,2902.846441691132,1591.4129223689242,1401.666288935864,231.51346695425553,7108.819843545516
4975.393555598793,794.6060885579407,1594.5815806146672,1755.4897406496423,960.8394105055035,659.1598928552083,7144.976672444545
4521.259048595708,515.6831815438336,1184.1339721649508,1126.3352473021384,951.4032090883023,514.3160871145433,7307.502767501298
3493.6238326377606,1761.8435804583269,2198.0891743007633,1630.8307069532698,455.2673108052803,222.9219420621236,7124.600900439044
3277.5094447291312,1395.3468508208366,2247.2975565805323,1116.8743816324625,438.4027079218462,666.6019138500454,7191.0252897760665
3482.6419192983362,768.5497018045511,2297.0096402373765,1926.88217534035,1006.2759581080093,209.04202927121798,7285.0277948637495
1805.2484312897332,2415.868242113541,1534.8040557150825,1563.6491378400492,881.996474573179,829.8975665194183,6795.794856480697
2580.5509730572744,1559.3194478912399,1030.22136842895,1189.4141602104105,1323.0984344783285,445.1462581626972,6691.817531328182
1157.8381315635972,983.7865882257784,2930.030738908944,1123.4142347507272,576.7475431830297,232.20640240738567,6642.3783983085805
2902.1841499473067,1501.207142309415,1501.786091382205,1029.1119020859721,427.46882832875457,670.6817767865227,6738.989425029118
3172.0983358306526,1859.2406654702156,2352.052576105095,1633.5691506724734,893.9426447231385,518.1475315464438,7089.717437486378
1910.9989444128382,652.4784359471289,2413.259739757419,1062.4587355975127,661.2264124274832,979.0403306857196,7005.76517599414
4856.115388662055,1049.407630095784,2220.014834158971,1514.3639191129869,454.5758106727212,635.3589300029618,7641.428633770629
4637.818443748968,2113.9309817679873,1625.8147884272964,1117.5620323104288,1197.0581155323919,420.19134482960663,7437.922283989859
3888.5729418236233,1419.3297408053224,1542.1925075281315,1594.3627337526423,522.7522999529722,767.5510917071798,6844.474625387135
